sede_id,tipo_seccion
ECHES,Seccion
ERUNI,Seccion
EHAIT,Seccion
EKENY,Seccion
ERUNI,Seccion
CNYOR,Seccion
EPBAJ,Seccion
EECUA,Seccion
ESSED,Seccion
EJAPO,Seccion
ESALV,Seccion
EGUAT,Seccion
ETAIL,Seccion
ETURQ,Seccion
EBRAS,Agregaduria  Militar
EPORT,Seccion
CGUAY,Seccion
EBRAS,Agregaduria  Militar
EBRAS,Agregaduria  Militar
EBOLV,Seccion
EEEUU,Seccion
ECHIN,Seccion
EINDI,Seccion
ESURI,Seccion
EPBAJ,Agregaduria  Militar
EPERU,Agregaduria  Militar
EHILE,Agregaduria  Militar
EEEUU,Seccion
EBOLV,Agregaduria  Militar
EALEM,Agregaduria  Militar
EFRUS,Agregaduria  Militar
ECHIN,Agregaduria  Militar
EISRA,Seccion
EKUWA,Seccion
EMEXI,Agregaduria  Militar
ESAFR,Agregaduria  Militar
ECOLO,Agregaduria  Militar
EITAL,Agregaduria  Militar
EINDI,Agregaduria  Militar
ERUNI,Seccion
ERUNI,Agregaduria  Militar
EBOLV,Seccion
EBOLV,Seccion
EECUA,Seccion
EEGIP,Agregaduria  Militar
EHILE,Agregaduria  Militar
EEEUU,Seccion
EHILE,Agregaduria  Militar
CNYOR,Seccion
ETUNE,Seccion
EKENY,Seccion
ETRIA,Seccion
ECANA,Seccion
ETRIA,Seccion
ETRIA,Seccion
ETRIA,Seccion
ETRIA,Seccion
ECEUR,Seccion
ECEUR,Seccion
EEEUU,Seccion
EBRAS,Seccion
CPCAR,Seccion
EKENY,Sección  Consular
CGUAY,Seccion
EBOLV,Seccion
EHAIT,Seccion
ETUNE,Seccion
ECOLO,Seccion
EJAPO,Seccion
EBOLV,Seccion
EKENY,Seccion
ESALV,Seccion
CGMUM,Seccion
EPBAJ,Seccion
CNYOR,Seccion
CNYOR,Seccion
EKENY,Seccion
EUNGR,Seccion
CGMUM,Seccion
EBOLV,Seccion
EMEXI,Seccion
EFILI,Sección  Consular
EFILI,Seccion
ESSED,Seccion
ESUIZ,Seccion
EITAL,Seccion
EISRA,Seccion
ETUNE,Seccion
EBELG,Seccion
ECORE,Seccion
EESPA,Seccion
EINDI,Seccion
EFRAN,Seccion
EUNGR,Seccion
EURUG,Seccion
EALEM,Seccion
EPNMA,Seccion
EECUA,Seccion
ECOLO,Seccion
EHILE,Seccion
EJAPO,Seccion
EBRAS,Seccion
EFRUS,Seccion
EPERU,Seccion
EBARB,Seccion
ECANA,Seccion
ESSED,Seccion
ENIGE,Seccion
EEEUU,Seccion
EISRA,Seccion
EPORT,Sección  Consular
EPORT,Seccion
EMARR,Seccion
EPORT,Seccion
EFILI,Seccion
EFILI,Seccion
EBOLV,Seccion
EBOLV,Seccion
EMEXI,Seccion
CNYOR,Seccion
DITIC,Seccion
ERUNI,Seccion
CNYOR,Seccion
EMEXI,Seccion
EJAPO,Seccion
EKENY,Seccion
ESALV,Seccion
ETUNE,Seccion
CGMUM,Seccion
CNYOR,Seccion
EGUAT,Seccion
CNYOR,Seccion
EPBAJ,Seccion
EHILE,Seccion
EFILI,Seccion
ETRIN,Seccion
EALEM,Seccion
CBARC,Seccion
EDOMI,Seccion
CCONC,Seccion
EBARB,Seccion
EKUWA,Seccion
ESUEC,Seccion
ECANA,Seccion
ESING,Seccion
EMOZA,Seccion
EEARB,Seccion
CGTEL,Seccion
EFRAN,Seccion
EITAL,Seccion
CSCRS,Seccion
ECHIN,Seccion
EEEUU,Seccion
EEGIP,Seccion
EVENE,Seccion
EDINA,Seccion
EUNGR,Seccion
EARME,Seccion
EANGO,Seccion
EESPA,Seccion
EHOND,Seccion
EPERU,Seccion
EAUST,Seccion
EARGE,Seccion
ECUBA,Seccion
CSIDN,Seccion
EISIA,Seccion
CMIAM,Seccion
ECOLO,Seccion
EHILE,Seccion
ENIGE,Seccion
ESURI,Seccion
ECEUR,Seccion
EPNMA,Seccion
EINDI,Seccion
ESERB,Seccion
EMARR,Seccion
ELBNO,Seccion
ECORE,Seccion
EMEXI,Seccion
CMILA,Seccion
EMEXI,Seccion
CSCRS,Seccion
EEGIP,Seccion
EDINA,Seccion
EURUG,Seccion
CURUG,Seccion
CSIDN,Seccion
EPOLO,Seccion
EHOND,Seccion
EPBAJ,Seccion
ESALV,Seccion
CMIAM,Seccion
EFINL,Seccion
CBELO,Seccion
EAUST,Seccion
CBARC,Seccion
EFRUS,Seccion
EBARB,Seccion
EINDI,Sección  Consular
CGMUM,Seccion
CRIOJ,Seccion
ESING,Seccion
CSIDN,Seccion
CSIDN,Seccion
EETIO,Sección  Consular
EALEM,Seccion
EINDI,Sección  Consular
ETRIN,Sección  Consular
CGTEL,Seccion
ENORU,Seccion
EBRAS,Seccion
EFRUS,Seccion
EARGE,Sección  Consular
EJAMA,Sección  Consular
EECUA,Seccion
EVIET,Sección  Consular
EARME,Seccion
EDOMI,Seccion
ENZEL,Seccion
EKUWA,Seccion
ERUMA,Seccion
EPOLO,Seccion
EASIR,Sección  Consular
ETUNE,Sección  Consular
EEEUU,Sección  Consular
EIRLA,Sección  Consular
EGREC,Sección  Consular
EQATR,Sección  Consular
EVENE,Seccion
EEGIP,Sección  Consular
EFINL,Seccion
EHAIT,Sección  Consular
EDINA,Sección  Consular
ESERB,Sección  Consular
EANGO,Sección  Consular
ECHES,Seccion
ETURQ,Seccion
CCHIC,Sección  Consular
CSCRS,Seccion
EBELG,Seccion
EEARB,Sección  Consular
CVIGO,Sección  Consular
ESUEC,Seccion
EPBAJ,Seccion
CFRAN,Seccion
EMSIA,Sección  Consular
EPNMA,Seccion
EUNGR,Sección  Consular
CGTEL,Sección  Consular
EISIA,Seccion
ESURI,Seccion
EIRAN,Sección  Consular
EHOND,Seccion
EFRAN,Seccion
EGUAT,Sección  Consular
CSHAN,Seccion
EJAPO,Seccion
EUCRA,Sección  Consular
ERICA,Seccion
CRECI,Sección  Consular
CPABL,Sección  Consular
ETAIL,Sección  Consular
EMOZA,Sección  Consular
ETRIA,Sección  Consular
ESALV,Sección  Consular
ESUIZ,Seccion
EAZER,Sección  Consular
ELBNO,Sección  Consular
EMARR,Sección  Consular
ENICA,Sección  Consular
ECUBA,Seccion
CBARC,Seccion
CMIAM,Seccion
CBARC,Seccion
ECHIN,Sección  Consular
CMIAM,Sección  Consular
CBARC,Sección  Consular
CMIAM,Sección  Consular
CMIAM,Sección  Consular
CBELO,Sección  Consular
ENIGE,Sección  Consular
ECOLO,Seccion
ECORE,Sección  Consular
EANGO,Seccion
ECUBA,Seccion
EBARB,Seccion
EFRAN,Seccion
EALEM,Seccion
ESAFR,Seccion
ECORE,Seccion
EESPA,Seccion
ESSED,Seccion
CBARC,Seccion
EMOZA,Seccion
CSCRS,Seccion
EMEXI,Seccion
EQATR,Seccion
ETAIL,Seccion
CRIOJ,Seccion
EALEM,Seccion
EETIO,Seccion
CMILA,Seccion
ENORU,Seccion
EECUA,Seccion
EAUST,Seccion
EARGE,Seccion
EISIA,Seccion
EKUWA,Seccion
EIRLA,Seccion
EVENE,Seccion
EEGIP,Seccion
EDINA,Seccion
EUNGR,Seccion
EHAIT,Seccion
EANGO,Seccion
ECHES,Seccion
EURUG,Seccion
ETURQ,Seccion
ECUBA,Seccion
EJAMA,Seccion
CVIGO,Sección  Consular
CFRAN,Seccion
EJAPO,Seccion
EHOND,Seccion
ERUNI,Seccion
EGUAT,Seccion
ELBNO,Seccion
ESING,Seccion
EBRAS,Seccion
EPOLO,Seccion
ESUEC,Seccion
ECHIN,Seccion
EHILE,Seccion
CSHAN,Seccion
EGREC,Seccion
EBELG,Seccion
ESURI,Seccion
EFRAN,Seccion
ESUIZ,Seccion
EPBAJ,Seccion
EUCRA,Seccion
EIRAN,Seccion
CSIDN,Seccion
ECANA,Seccion
EEEUU,Seccion
ECORE,Seccion
ECOLO,Seccion
EAZER,Seccion
EBARB,Seccion
ESERB,Seccion
EITAL,Seccion
EPERU,Seccion
ESAFR,Seccion
EBOLV,Seccion
CGMUM,Seccion
EAZER,Seccion
ETRIA,Seccion
EMOZA,Seccion
EITAL,Seccion
EPERU,Seccion
ETRIA,Seccion
EFRUS,Seccion
EALEM,Seccion
EHAIT,Seccion
EMEXI,Seccion
EHOND,Seccion
EMOZA,Seccion
EFRUS,Seccion
CSHAN,Seccion
EURUG,Seccion
EPAKI,Seccion
EQATR,Seccion
EJAPO,Seccion
CMILA,Seccion
ELBNO,Seccion
EIRLA,Seccion
ESERB,Seccion
EBARB,Seccion
ECEUR,Seccion
EGREC,Seccion
CRIOJ,Seccion
EETIO,Seccion
EALEM,Seccion
ECHIN,Seccion
ENORU,Seccion
EFRUS,Seccion
EARGE,Seccion
EECUA,Seccion
EDOMI,Seccion
EMARR,Seccion
EEEUU,Seccion
EKUWA,Seccion
EVENE,Seccion
ENZEL,Seccion
EHAIT,Seccion
EANGO,Seccion
ECHES,Seccion
ETURQ,Seccion
CCHIC,Seccion
ENIGE,Seccion
EBELG,Seccion
EPERU,Seccion
EJAMA,Seccion
ESAFR,Seccion
CVIGO,Sección  Consular
CFRAN,Seccion
CRECI,Sección  Consular
ECUBA,Seccion
ETUNE,Seccion
EMSIA,Seccion
EISIA,Seccion
CSHAN,Seccion
EHILE,Seccion
EGUAT,Seccion
ERICA,Seccion
EMOZA,Seccion
ESURI,Seccion
EAZER,Seccion
EINDI,Sección  Consular
EPNMA,Seccion
EIRAN,Seccion
EUCRA,Seccion
CGMUM,Seccion
ECORE,Seccion
ESING,Seccion
EESPA,Seccion
EVIET,Seccion
ESUIZ,Seccion
EEARB,Seccion
ESUEC,Seccion
ERUNI,Seccion
ECOLO,Seccion
ETAIL,Seccion
ETRIA,Seccion
EBOLV,Seccion
EFRAN,Seccion
EISRA,Seccion
ECANA,Seccion
EBRAS,Seccion
EECUA,Seccion
CSHAN,Seccion
EHOND,Seccion
ECHIN,Seccion
EFRAN,Seccion
ETRIA,Seccion
ECOLO,Seccion
EETIO,Seccion
EALEM,Seccion
ESSED,Seccion
ECHES,Seccion
ECHIN,Seccion
ESUIZ,Seccion
EARGE,Seccion
EMSIA,Seccion
EECUA,Seccion
EAUST,Seccion
EEARB,Seccion
EEEUU,Seccion
EVENE,Seccion
EEGIP,Seccion
EUNGR,Seccion
EHAIT,Seccion
ELBNO,Seccion
EANGO,Seccion
EMEXI,Seccion
EMARR,Seccion
EURUG,Seccion
EFRUS,Seccion
ESING,Seccion
EIRLA,Seccion
EISIA,Seccion
ETUNE,Seccion
ESAFR,Seccion
ECEUR,Seccion
ECOLO,Seccion
EHILE,Seccion
EPORT,Seccion
ENZEL,Seccion
ERUNI,Seccion
EISRA,Seccion
ETAIL,Seccion
ESURI,Seccion
EPBAJ,Seccion
EITAL,Seccion
EAZER,Seccion
EUCRA,Seccion
EINDI,Seccion
EBELG,Seccion
EMOZA,Seccion
EIRAN,Seccion
EBRAS,Seccion
ESUEC,Seccion
EBARB,Seccion
EPERU,Seccion
EVIET,Seccion
EESPA,Seccion
EPNMA,Seccion
EFRAN,Seccion
ECORE,Seccion
CCHIC,Seccion
CSHAN,Seccion
EECUA,Seccion
EARGE,Seccion
EESPA,Seccion
EVIET,Seccion
ECEUR,Seccion
EITAL,Seccion
DITIC,Seccion
CBARC,Seccion
EESPA,Seccion
EEEUU,Seccion
EESPA,Seccion
CSHAN,Seccion
EALEM,Seccion
EMEXI,Seccion
ETRIN,Seccion
EHILE,Seccion
ESSED,Seccion
ESSED,Seccion
CNYOR,Seccion
