sede_id,pais_castellano,region_geografica,pais_iso_3,estado,redes_sociales
CALEG,REPÚBLICA  FEDERATIVA  DEL  BRASIL,AMÉRICA  DEL  SUR,BRA,Activo,"https://twitter.com/ArgPortoAlegre  //  https://www.facebook.com/ArgentinaEnPortoAlegre/  //  https://www.instagram.com/argenportoalegre/  //  "
CANTO,REPÚBLICA  DE  CHILE,AMÉRICA  DEL  SUR,CHL,Activo,"https://www.facebook.com/Consulado-de-la-Rep%C3%BAblica-Argentina-en-Antofagasta-255728465291743/  //  https://www.instagram.com/consulargantofagasta/  //  "
CAREN,REPÚBLICA  DE  CHILE,AMÉRICA  DEL  SUR,CHL,Activo,"https://www.facebook.com/profile.php?id=100014152878593  //  "
CASUN,REPÚBLICA  DEL  PARAGUAY,AMÉRICA  DEL  SUR,PRY,Activo,
CATLA,Estados  Unidos  de  América,AMÉRICA  DEL  NORTE,USA,Activo,"instagram.com/ARGenAtlanta  //  facebook.com/ARGenAtlanta  //  https://www.linkedin.com/company/ARGenAtlanta  //  x.com/ARGenAtlanta  //  "
CBARC,REINO  DE  ESPAÑA,EUROPA  OCCIDENTAL,ESP,Activo,"https://www.facebook.com/ArgEnBarcelona/  //  https://twitter.com/argenbarcelona  //  https://www.instagram.com/argenbarcelona/  //  https://www.youtube.com/@consuladoargentinoenbarcel2664  //  https://www.linkedin.com/company/consulado-y-centro-de-promoci%C3%B3n-de-la-republica-argentina-en-barcelona  //  "
CBEIJ,REPÚBLICA  POPULAR  DE  CHINA,ASIA,CHN,Activo,
CBELO,REPÚBLICA  FEDERATIVA  DEL  BRASIL,AMÉRICA  DEL  SUR,BRA,Activo,"https://www.facebook.com/ArgentinaEnBeloHorizonte/  //  https://twitter.com/consgralbelo  //  https://www.instagram.com/consgralbelo/  //  "
CBONN,REPÚBLICA  FEDERAL  DE  ALEMANIA,EUROPA  OCCIDENTAL,DEU,Activo,"https://www.facebook.com/ConsuladoArgentinoenBonn  //  http://www.instagram.com/argentinaenbonn  //  "
CCADI,REINO  DE  ESPAÑA,EUROPA  OCCIDENTAL,ESP,Activo,"www.facebook.com/ArgentinaEnCadiz  //  "
CCEST,REPÚBLICA  DEL  PARAGUAY,AMÉRICA  DEL  SUR,PRY,Activo,"https://www.facebook.com/ArgEnCiudaddeleste/  //  https://www.instagram.com/argenciudaddeleste  //  "
CCHIC,Estados  Unidos  de  América,AMÉRICA  DEL  NORTE,USA,Activo,"https://twitter.com/argenchicago  //  https://www.facebook.com/ArgentinaEnChicago  //  https://www.youtube.com/channel/UCjZ3a6zTr156aP_zg-1lQfQ/featured  //  consulado_argentino_chicago  //  "
CCOCH,ESTADO  PLURINACIONAL  DE  BOLIVIA,AMÉRICA  DEL  SUR,BOL,Activo,"https://www.facebook.com/ArgentinaEnCochabamba/  //  "
CCOLO,REPÚBLICA  ORIENTAL  DEL  URUGUAY,AMÉRICA  DEL  SUR,URY,Activo,"https://www.facebook.com/ArgentinaenColonia  //  "
CCONC,REPÚBLICA  DE  CHILE,AMÉRICA  DEL  SUR,CHL,Activo,
CCURI,REPÚBLICA  FEDERATIVA  DEL  BRASIL,AMÉRICA  DEL  SUR,BRA,Activo,"https://www.facebook.com/ArgEnCuritiba/  //  https://instagram.com/argEncuritiba  //  https://twitter.com/ARGenCuri  //  "
CENCA,REPÚBLICA  DEL  PARAGUAY,AMÉRICA  DEL  SUR,PRY,Activo,
CFBEN,REPÚBLICA  ORIENTAL  DEL  URUGUAY,AMÉRICA  DEL  SUR,URY,Activo,
CFDIG,REPÚBLICA  FEDERATIVA  DEL  BRASIL,AMÉRICA  DEL  SUR,BRA,Activo,"https://twitter.com/argentinaenfoz  //  https://www.facebook.com/ArgentinaEnFozDeIguazu  //  https://www.instagram.com/argentinaenfoz/  //  "
CFLOR,REPÚBLICA  FEDERATIVA  DEL  BRASIL,AMÉRICA  DEL  SUR,BRA,Activo,"@argenflorianopolis  //  https://www.facebook.com/cflor.mrecic.gov.ar  //  "
CFRAN,REPÚBLICA  FEDERAL  DE  ALEMANIA,EUROPA  OCCIDENTAL,DEU,Activo,
CGEST,República  de  Türkiye,EUROPA  OCCIDENTAL,TUR,Activo,"https://www.facebook.com/ArgentinaEnEstambul  //  https://www.instagram.com/consuladoargentinoenestambul/  //  "
CGMUM,REPÚBLICA  DE  LA  INDIA,ASIA,IND,Activo,"https://www.instagram.com/argenmumbai/  //  "
CGPAZ,ESTADO  PLURINACIONAL  DE  BOLIVIA,AMÉRICA  DEL  SUR,BOL,Activo,
CGTEL,ESTADO  DE  ISRAEL,ASIA,ISR,Activo,"https://www.facebook.com/ArgentinaEnIsrael/  //  "
CGUAN,REPÚBLICA  POPULAR  DE  CHINA,ASIA,CHN,Activo,
CGUAY,REPÚBLICA  DEL  ECUADOR,AMÉRICA  DEL  SUR,ECU,Activo,
CGVAN,CANADÁ,AMÉRICA  DEL  NORTE,CAN,Activo,
CHAMB,REPÚBLICA  FEDERAL  DE  ALEMANIA,EUROPA  OCCIDENTAL,DEU,Activo,"https://www.instagram.com/consulado.argentino.hamburgo  //  https://www.facebook.com/ARGenHamburgo  //  "
CHONG,REPÚBLICA  POPULAR  DE  CHINA,ASIA,CHN,Activo,"https://www.facebook.com/ArgEnHongKong  //  https://www.instagram.com/consuladoargentinohongkong/  //  "
CHOUS,Estados  Unidos  de  América,AMÉRICA  DEL  NORTE,USA,Activo,"https://x.com/ARGENHOUSTON  //  https://www.facebook.com/ArgentinaEnHouston/  //  https://www.instagram.com/consuladoarghouston/  //  "
CJOHA,REPÚBLICA  DE  SUDÁFRICA,ÁFRICA  SUBSAHARIANA,ZAF,Activo,
CLANG,Estados  Unidos  de  América,AMÉRICA  DEL  NORTE,USA,Activo,"https://www.facebook.com/ArgentinaEnLosAngeles/  //  https://www.instagram.com/arg_clang/  //  https://twitter.com/arg_clang  //  "
CLIMA,REPÚBLICA  DEL  PERÚ,AMÉRICA  DEL  SUR,PER,Activo,
CLOND,REINO  UNIDO  DE  GRAN  BRETAÑA  E  IRLANDA  DEL  NORTE,EUROPA  OCCIDENTAL,GRB,Activo,"https://www.instagram.com/consuladoargentinoenlondres/  //  "
CMADR,REINO  DE  ESPAÑA,EUROPA  OCCIDENTAL,ESP,Activo,"https://www.facebook.com/ArgentinaEnMadridEsp/  //  https://www.instagram.com/consuladoargentinoenmadrid?igsh=MW1wMHQzbzhqMGwwbw==  //  "
CMALD,REPÚBLICA  ORIENTAL  DEL  URUGUAY,AMÉRICA  DEL  SUR,URY,Activo,"https://www.facebook.com/pg/ConsuladoArgentinoenMaldonado/posts/?ref=page_internal  //  https://www.instagram.com/consulado_argentino/  //  "
CMALL,REINO  DE  ESPAÑA,EUROPA  OCCIDENTAL,ESP,Activo,"https://www.facebook.com/ArgentinaEnPalmaDeMallorca  //  https://www.instagram.com/argentinaenpalmademallorca/  //  "
CMDEO,REPÚBLICA  ORIENTAL  DEL  URUGUAY,AMÉRICA  DEL  SUR,URY,Activo,"https://www.facebook.com/ArgentinaEnMontevideo/  //  https://www.instagram.com/consuladoargenmontevideo  //  "
CMEXI,ESTADOS  UNIDOS  MEXICANOS,AMÉRICA  DEL  NORTE,MEX,Activo,
CMIAM,Estados  Unidos  de  América,AMÉRICA  DEL  NORTE,USA,Activo,"https://es-la.facebook.com/consuladoargentino.miami/  //  instagram.com/consuladoargentinomia/  //  https://x.com/argenmiami/  //  "
CMILA,REPÚBLICA  ITALIANA,EUROPA  OCCIDENTAL,ITA,Activo,"https://www.instagram.com/argenmilano/  //  https://www.youtube.com/channel/UCZdYeN4gttYEyX15xxkUNWQ  //  "
CMREA,CANADÁ,AMÉRICA  DEL  NORTE,CAN,Activo,"https://www.facebook.com/ArgentinaEnMontreal  //  https://www.instagram.com/consuladoargenmontreal/  //  https://www.youtube.com/@consuladodelarepublicadear8025  //  "
CNYOR,Estados  Unidos  de  América,AMÉRICA  DEL  NORTE,USA,Activo,"https://www.facebook.com/ARGenNewYork  //  https://twitter.com/ARGenNewYork  //  https://www.instagram.com/argennewyork/  //  https://www.youtube.com/@ARGenNewYork  //  https://www.linkedin.com/company/argennewyork  //  "
CPABL,REPÚBLICA  FEDERATIVA  DEL  BRASIL,AMÉRICA  DEL  SUR,BRA,Activo,"consuladoargentinosp@gmail.com  //  "
CPAYS,REPÚBLICA  ORIENTAL  DEL  URUGUAY,AMÉRICA  DEL  SUR,URY,Activo,
CPCAR,ESTADOS  UNIDOS  MEXICANOS,AMÉRICA  DEL  NORTE,MEX,Activo,
CPMON,REPÚBLICA  DE  CHILE,AMÉRICA  DEL  SUR,CHL,Activo,"https://www.facebook.com/ArgentinaEnPuertoMontt/  //  "
CRECI,REPÚBLICA  FEDERATIVA  DEL  BRASIL,AMÉRICA  DEL  SUR,BRA,Activo,"https://www.facebook.com/ArgentinaEnBrasilRecife  //  https://www.instagram.com/consuladoargentinorecife  //  "
CRIOJ,REPÚBLICA  FEDERATIVA  DEL  BRASIL,AMÉRICA  DEL  SUR,BRA,Activo,"https://www.facebook.com/ArgentinaEnRiodeJaneiro/  //  https://www.instagram.com/consuladoargentinoenrio/  //  "
CROMA,REPÚBLICA  ITALIANA,EUROPA  OCCIDENTAL,ITA,Activo,"@ArgEnRoma  //  @consuladoargentinoenroma  //  "
CSBAH,REPÚBLICA  FEDERATIVA  DEL  BRASIL,AMÉRICA  DEL  SUR,BRA,Activo,"https://www.instagram.com/argentinaensalvador  //  https://www.facebook.com/ArgentinaenSalvador  //  https://twitter.com/ArgentinaEnSSA  //  "
CSCRS,ESTADO  PLURINACIONAL  DE  BOLIVIA,AMÉRICA  DEL  SUR,BOL,Activo,"www.instagram.com/consuladoargentinoscz  //  https://www.facebook.com/profile.php?id=100069410160459&mibextid=ZbWKwL  //  "
CSHAN,REPÚBLICA  POPULAR  DE  CHINA,ASIA,CHN,Activo,
CSIDN,AUSTRALIA,OCEANÍA,AUS,Activo,"https://www.facebook.com/ArgentinaEnSidney/  //  https://www.instagram.com/argentinaensydney/  //  "
CSIGO,REPÚBLICA  DE  CHILE,AMÉRICA  DEL  SUR,CHL,Activo,"http://www.x.com/ConsuladoCSIGO  //  "
CSLTO,REPÚBLICA  ORIENTAL  DEL  URUGUAY,AMÉRICA  DEL  SUR,URY,Activo,"@consuladoargentinoensalto  //  "
CTARI,ESTADO  PLURINACIONAL  DE  BOLIVIA,AMÉRICA  DEL  SUR,BOL,Activo,
CTENE,REINO  DE  ESPAÑA,EUROPA  OCCIDENTAL,ESP,Activo,"www.facebook.com/argentinaentenerife  //  "
CTORO,CANADÁ,AMÉRICA  DEL  NORTE,CAN,Activo,"https://www.facebook.com/ArgentinaEnToronto/  //  https://www.instagram.com/consuladoargtoronto/  //  "
CURUG,REPÚBLICA  FEDERATIVA  DEL  BRASIL,AMÉRICA  DEL  SUR,BRA,Activo,"https://www.facebook.com/ArgEnUruguayana/  //  https://twitter.com/CURUGoK  //  https://instagram.com/consuladouruguayana  //  "
CVALP,REPÚBLICA  DE  CHILE,AMÉRICA  DEL  SUR,CHL,Activo,"https://www.facebook.com/ArgentinaEnValparaiso  //  https://www.instagram.com/argenvalparaiso/  //  "
CVIGO,REINO  DE  ESPAÑA,EUROPA  OCCIDENTAL,ESP,Activo,"https://www.facebook.com/ArgentinaenVigo  //  https://www.instagram.com/argenvigo/  //  "
CVILL,ESTADO  PLURINACIONAL  DE  BOLIVIA,AMÉRICA  DEL  SUR,BOL,Activo,"https://www.facebook.com/ConsuladoArgentinoenVillazon  //  https://twitter.com/ArgentinaenVill  //  "
CYACU,ESTADO  PLURINACIONAL  DE  BOLIVIA,AMÉRICA  DEL  SUR,BOL,Activo,
DIGAC,REPÚBLICA  ARGENTINA,AMÉRICA  DEL  SUR,ARG,Activo,
EALEM,REPÚBLICA  FEDERAL  DE  ALEMANIA,EUROPA  OCCIDENTAL,DEU,Activo,"https://www.facebook.com/ArgEnAlemania/  //  https://www.instagram.com/argindeu/  //  "
EANGO,REPÚBLICA  DE  ANGOLA,ÁFRICA  SUBSAHARIANA,AGO,Activo,"https://www.facebook.com/ArgentinaEnAngola/  //  https://www.instagram.com/embargentinaenangola/  //  "
EARAB,REINO  DE  ARABIA  SAUDITA,ASIA,SAU,Activo,"https://www.facebook.com/argentinaenarabiasaudita/  //  https://twitter.com/ensaudita  //  https://www.instagram.com/arginsaudi/  //  "
EARGE,REPÚBLICA  ARGELINA  DEMOCRÁTICA  Y  POPULAR,ÁFRICA  DEL  NORTE  Y  CERCANO  ORIENTE,DZA,Activo,"https://twitter.com/ARGenArgelia  //  https://instagram.com/argenargelia  //  facebook.com/ArgentinaEnArgelia  //  "
EARME,REPÚBLICA  DE  ARMENIA,ASIA,ARM,Activo,"https://www.instagram.com/arginarmenia/  //  https://www.facebook.com/ArgentinaEnArmenia  //  https://twitter.com/ARGinArmenia  //  "
EASIR,REPÚBLICA  ÁRABE  SIRIA,ASIA,SYR,Activo,"https://www.facebook.com/Embajada-Argentina-en-Siria-112176794025495  //  "
EAUST,AUSTRALIA,OCEANÍA,AUS,Activo,"https://www.facebook.com/ArgentinaEnAustralia/  //  https://twitter.com/ARGinAustralia  //  "
EAZER,REPÚBLICA  DE  AZERBAIYÁN,ASIA,AZE,Activo,"https://www.facebook.com/EmbassyOfArgentina/  //  www.instagram.com/embargentinaaz  //  www.twitter.com/ARGEnAzer  //  "
EBANG,REPÚBLICA  POPULAR  DE  BANGLADESH,ASIA,BGD,Activo,"EmbARGenBGD  //  embajada.argentina.en.bangladesh  //  embargenbgd  //  https://www.linkedin.com/showcase/argenbangladesh/  //  "
EBARB,BARBADOS,AMÉRICA  CENTRAL  Y  CARIBE,BRB,Activo,"https://www.facebook.com/ArgentinaEnBarbados/  //  "
EBELG,Reino  de  Bélgica,EUROPA  OCCIDENTAL,BEL,Activo,"https://www.facebook.com/ArgentinaEnBelgica/  //  https://www.instagram.com/argenbelgica/  //  "
EBOLV,ESTADO  PLURINACIONAL  DE  BOLIVIA,AMÉRICA  DEL  SUR,BOL,Activo,"@EmbaArgBolivia  //  @EmbajadaArgentinaBolivia  //  @embajada_argentina_en_bolivia  //  "
EBRAS,REPÚBLICA  FEDERATIVA  DEL  BRASIL,AMÉRICA  DEL  SUR,BRA,Activo,"https://www.instagram.com/embaargenbrasil  //  https://twitter.com/ArgentinaEnBras  //  https://www.facebook.com/embargbrasil  //  "
EBULG,REPÚBLICA  DE  BULGARIA,EUROPA  CENTRAL  Y  ORIENTAL,BGR,Activo,"https://www.facebook.com/ArgentinaEnBulgaria/  //  https://www.youtube.com/channel/UCK-uSxN84lEMqJwCviEjZow  //  "
ECANA,CANADÁ,AMÉRICA  DEL  NORTE,CAN,Activo,"https://www.facebook.com/ArgentinaInCanada  //  https://www.youtube.com/channel/UC77DGXZ2ppExRtV4WS4IV-A  //  https://twitter.com/ArginCanada  //  https://www.instagram.com/argentinaincanada/  //  https://www.linkedin.com/company/argentinaincanada  //  "
ECEUR,Reino  de  Bélgica,EUROPA  OCCIDENTAL,BEL,Activo,"https://www.facebook.com/ARGanteUE  //  https://www.linkedin.com/company/arganteue  //  https://twitter.com/ARGanteUE  //  https://www.youtube.com/@ARGanteUE  //  https://www.instagram.com/arganteue/  //  "
ECHES,REPÚBLICA  CHECA,EUROPA  CENTRAL  Y  ORIENTAL,CZE,Activo,"https://www.facebook.com/ArgentinaEnRepCheca/  //  https://www.instagram.com/argentinaenpraga  //  "
ECHIN,REPÚBLICA  POPULAR  DE  CHINA,ASIA,CHN,Activo,"@ArgentinaEnChina  //  "
ECOLO,REPÚBLICA  DE  COLOMBIA,AMÉRICA  DEL  SUR,COL,Activo,"@ArgColombia  //  https://www.facebook.com/ArgColombia/?ref=bookmarks  //  @argentinaencolombia  //  "
ECORE,REPÚBLICA  DE  COREA,ASIA,KOR,Activo,"https://www.facebook.com/ArgentinaEnCorea/  //  https://www.instagram.com/embajadaargentinaencorea1/?hl=es  //  "
ECUBA,REPÚBLICA  DE  CUBA,AMÉRICA  CENTRAL  Y  CARIBE,CUB,Activo,"https://www.facebook.com/ArgentinaEnCubaLaHabana/  //  https://www.instagram.com/argentinaencuba/  //  "
EDINA,REINO  DE  DINAMARCA,EUROPA  OCCIDENTAL,DNK,Activo,"https://www.facebook.com/EmbajadadeArgentinaenDinamarca/  //  https://www.instagram.com/argentinaindenmark?igsh=dTI4cDN6NHFpYWM0  //  https://www.linkedin.com/company/embajada-de-la-rep-blica-argentina-en-dinamarca  //  "
EDOMI,REPÚBLICA  DOMINICANA,AMÉRICA  CENTRAL  Y  CARIBE,DOM,Activo,"https://es-la.facebook.com/ArgentinaEnRepublicaDominicana/  //  https://www.instagram.com/argentinaenrd/  //  "
EEARB,EMIRATOS  ÁRABES  UNIDOS,ASIA,ARE,Activo,"https://www.facebook.com/ArgentinaEnEmiratosArabesUnidos  //  "
EECUA,REPÚBLICA  DEL  ECUADOR,AMÉRICA  DEL  SUR,ECU,Activo,"https://www.facebook.com/Argentina-en-Ecuador-772092829594964/?ref=bookmarks  //  https://instagram.com/argentinaenecuador?igshid=1pzlw4ojakxjh  //  https://www.youtube.com/channel/UC7FnoaJNif8jQLyBb4QDKng  //  "
EEEUU,Estados  Unidos  de  América,AMÉRICA  DEL  NORTE,USA,Activo,"https://twitter.com/ARGinUSA  //  https://www.facebook.com/ARGinUSA/  //  https://www.instagram.com/ARGinUSA/  //  https://www.flickr.com/photos/ARGinUSA/  //  https://www.youtube.com/ARGinUSA  //  www.linkedin.com/in/ARGinUSA  //  "
EEGIP,REPÚBLICA  ÁRABE  DE  EGIPTO,ÁFRICA  DEL  NORTE  Y  CERCANO  ORIENTE,EGY,Activo,"instagram.com/argenegipto/  //  twitter.com/ARGenEgipto  //  facebook.com/ArgentinaenEgipto  //  "
EEOEA,Estados  Unidos  de  América,AMÉRICA  DEL  NORTE,USA,Activo,"www.facebook.com/ARGenOEA/  //  www.instagram.com/argenoea/  //  www.twitter.com/ARGenOEA  //  www.youtube.com/channel/UCqjmCa0UfL3_I3Ovqz5ZAag/featured  //  "
EESPA,REINO  DE  ESPAÑA,EUROPA  OCCIDENTAL,ESP,Activo,"https://twitter.com/ARGenesp  //  https://www.facebook.com/argenespa/  //  https://www.instagram.com/argenespa/  //  https://www.linkedin.com/company/83543239/admin/dashboard/  //  "
EETIO,REPÚBLICA  DEMOCRÁTICA  FEDERAL  DE  ETIOPÍA,ÁFRICA  SUBSAHARIANA,ETH,Activo,"https://www.facebook.com/ArgEnEtiopia/  //  @ArEthiopia  //  https://www.instagram.com/embaargenetiopia/  //  "
EFILI,REPÚBLICA  DE  FILIPINAS,ASIA,PHL,Activo,"https://www.facebook.com/ArgentinaEnFilipinas  //  https://www.instagram.com/argentinaenfilipinas/  //  https://twitter.com/ArgentinaEnFili  //  "
EFINL,REPÚBLICA  DE  FINLANDIA,EUROPA  OCCIDENTAL,FIN,Activo,"www.facebook.com/ArgentinaEnFinlandia/  //  www.instagram.com/argenfinlandia/  //  "
EFRAN,REPÚBLICA  FRANCESA,EUROPA  OCCIDENTAL,FRA,Activo,"https://www.facebook.com/ArgentinaEnFrancia/  //  "
EFRUS,FEDERACIÓN  DE  RUSIA,EUROPA  CENTRAL  Y  ORIENTAL,RUS,Activo,"https://www.facebook.com/EMBAJADAARGENTINAENMOSCU  //  https://twitter.com/EmbArgRusia  //  "
EGREC,REPÚBLICA  HELÉNICA,EUROPA  OCCIDENTAL,GRC,Activo,"https://www.facebook.com/ArgentinaEnGrecia  //  https://www.youtube.com/channel/UCFaKsErEs33zEdzJbnrzOog/featured  //    embajadaargentinaengrecia  //  @ArgenGrecia  //  "
EGUAT,REPÚBLICA  DE  GUATEMALA,AMÉRICA  CENTRAL  Y  CARIBE,GTM,Activo,"https://x.com/ARGenGuatemala  //  https://www.facebook.com/emba.arge.7  //  https://www.instagram.com/argenguatemala/  //  "
EGUYA,REPÚBLICA  COOPERATIVA  DE  GUYANA,AMÉRICA  CENTRAL  Y  CARIBE,GUY,Activo,
EHAIT,REPÚBLICA  DE  HAITÍ,AMÉRICA  CENTRAL  Y  CARIBE,HTI,Activo,
EHILE,REPÚBLICA  DE  CHILE,AMÉRICA  DEL  SUR,CHL,Activo,"https://twitter.com/EmbArgEnChile  //  https://www.facebook.com/EmbArgentinaEnChile  //  https://www.instagram.com/embargenchile/  //  "
EHOND,REPÚBLICA  DE  HONDURAS,AMÉRICA  CENTRAL  Y  CARIBE,HND,Activo,"@argenhonduras  //  @ArgentinaEnHonduras  //  @argenhonduras  //  "
EINDI,REPÚBLICA  DE  LA  INDIA,ASIA,IND,Activo,"https://twitter.com/ArgentinaEnInd  //  https://www.facebook.com/ArgentinaEnInd  //  https://www.instagram.com/argentinaenind/  //  "
EIRAN,REPÚBLICA  ISLÁMICA  DE  IRÁN,ASIA,IRN,Activo,
EIRLA,IRLANDA,EUROPA  OCCIDENTAL,IRL,Activo,"https://www.facebook.com/ArgentinaEnIrlanda/  //  https://www.instagram.com/embajadaargentinairlanda  //  "
EISIA,REPÚBLICA  DE  INDONESIA,ASIA,IDN,Activo,"@argentinaindonesia  //  "
EISRA,ESTADO  DE  ISRAEL,ASIA,ISR,Activo,"https://www.facebook.com/ArgEnIsrael  //  https://twitter.com/argenisrael  //  "
EITAL,REPÚBLICA  ITALIANA,EUROPA  OCCIDENTAL,ITA,Activo,"https://es-la.facebook.com/emb.roma/  //  https://twitter.com/arginitalia?lang=es  //  https://www.instagram.com/arginitalia/?hl=es  //  "
EJAMA,JAMAICA,AMÉRICA  CENTRAL  Y  CARIBE,JAM,Activo,"https://www.facebook.com/ArgentinaEnJamaica/  //  https://twitter.com/ARGenJamaica  //  argentinaenjamaica  //  "
EJAPO,日本国  (JAPÓN),ASIA,JPN,Activo,"https://www.instagram.com/embajadaargentinaenjapon/  //  https://www.facebook.com/ArgJapon/?ref=bookmarks  //  www.twitter.com/ARGenJapon_  //  "
EKENY,REPÚBLICA  DE  KENYA,ÁFRICA  SUBSAHARIANA,KEN,Activo,"www.facebook.com/ArgentinaEnKenia  //  https://www.instagram.com/argenkenya/  //  https://twitter.com/ArgenKenya  //  "
EKUWA,ESTADO  DE  KUWAIT,ASIA,KWT,Activo,"www.facebook.com/ArgentinaenKuwait  //  "
ELBIA,ESTADO  DE  LIBIA,ÁFRICA  DEL  NORTE  Y  CERCANO  ORIENTE,LBY,Activo,
ELBNO,REPÚBLICA  LIBANESA,ASIA,LBN,Activo,"https://www.facebook.com/ArgentinaEnLibano  //  https://www.instagram.com/argentinaenlibano/  //  "
ELUCI,SANTA  LUCÍA,AMÉRICA  CENTRAL  Y  CARIBE,LCA,Inactivo,
EMARR,REINO  DE  MARRUECOS,ÁFRICA  DEL  NORTE  Y  CERCANO  ORIENTE,MAR,Activo,"https://www.instagram.com/argenmarruecos/  //  https://twitter.com/ArgMarruecos  //  "
EMEXI,ESTADOS  UNIDOS  MEXICANOS,AMÉRICA  DEL  NORTE,MEX,Activo,"https://twitter.com/@ARGenMexico  //  https://www.facebook.com/ARGenMexico/  //  https://www.instagram.com/embargenmexico/  //  https://www.youtube.com/user/EmbaArgenMX  //  "
EMFAO,REPÚBLICA  ITALIANA,EUROPA  OCCIDENTAL,ITA,Activo,
EMOZA,REPÚBLICA  DE  MOZAMBIQUE,ÁFRICA  SUBSAHARIANA,MOZ,Activo,"https://www.facebook.com/ArgentinaEnMozambique/  //  argenmozambique  //  "
EMSIA,MALASIA,ASIA,MYS,Activo,"https://www.facebook.com/ArgentinaEnMalasia  //  "
EMSUR,REPÚBLICA  ORIENTAL  DEL  URUGUAY,AMÉRICA  DEL  SUR,URY,Activo,"@ArgentinaEnUru  //  @argentinaenuru  //  ArgentinaEnUru  //  "
ENAUN,Estados  Unidos  de  América,AMÉRICA  DEL  NORTE,USA,Activo,"https://twitter.com/ArgentinaUN  //  "
ENICA,REPÚBLICA  DE  NICARAGUA,AMÉRICA  CENTRAL  Y  CARIBE,NIC,Activo,"@ArgentinaEnNicaragua  //  @argennicaragua  //  "
ENIGE,REPÚBLICA  FEDERAL  DE  NIGERIA,ÁFRICA  SUBSAHARIANA,NGA,Activo,"https://www.facebook.com/ArgentinaEnNigeria/  //  https://www.instagram.com/embargennigeria/?igshid=f0laoeu8lhv8  //  "
ENORU,REINO  DE  NORUEGA,EUROPA  OCCIDENTAL,NOR,Activo,"https://www.facebook.com/ArgentinaEnNoruega/  //  https://www.instagram.com/arginnorway/  //  https://x.com/arginnorway?lang=en  //  https://www.linkedin.com/company/embajada-de-la-rep%C3%BAblica-argentina-ante-el-reino-de-noruega-argentine-embassy-to-norway  //  "
ENZEL,NUEVA  ZELANDIA,OCEANÍA,NZL,Activo,"@ARGenNZ  //  @argentinaennuevazelandia  //  https://www.facebook.com/ArgentinaenNuevaZelandia/  //  "
EOIRS,Confederación  Suiza,EUROPA  OCCIDENTAL,CHE,Activo,"https://www.facebook.com/ArgentinaEnGinebra  //  https://www.instagram.com/mision.argentina/  //  https://twitter.com/ArgentinaONUOMC    //  https://www.youtube.com/channel/UCSOsChik8j7nFJZnPq6K7Ag  //  "
EPAKI,REPÚBLICA  ISLÁMICA  DE  PAKISTÁN,ASIA,PAK,Activo,"https://www.instagram.com/argentinaenpakistan/  //  "
EPARA,REPÚBLICA  DEL  PARAGUAY,AMÉRICA  DEL  SUR,PRY,Activo,"https://twitter.com/argenparaguay_  //  https://www.facebook.com/embajada.paraguay  //  "
EPBAJ,REINO  DE  LOS  PAÍSES  BAJOS,EUROPA  OCCIDENTAL,NLD,Activo,"https://www.facebook.com/ArgEnPaisesBajos/  //  https://twitter.com/ArgentinaEnPB  //  https://www.instagram.com/argenpaisesbajos/  //  "
EPERU,REPÚBLICA  DEL  PERÚ,AMÉRICA  DEL  SUR,PER,Activo,"https://twitter.com/Emb_Arg_Peru  //  https://www.facebook.com/ArgentinaEnPeru  //  @argenperu_  //  "
EPNMA,REPÚBLICA  DE  PANAMÁ,AMÉRICA  CENTRAL  Y  CARIBE,PAN,Activo,"@ArgentinaEnPanama  //  @argentinaenpanama  //  "
EPOLO,REPÚBLICA  DE  POLONIA,EUROPA  CENTRAL  Y  ORIENTAL,POL,Activo,"https://www.facebook.com/profile.php?id=61560600343776  //  "
EPORT,REPÚBLICA  PORTUGUESA,EUROPA  OCCIDENTAL,PRT,Activo,"@embargentinaportugal  //  "
EQATR,ESTADO  DE  QATAR,ASIA,QAT,Activo,"@embargenqatar  //  @embargenqatar  //  "
ERICA,REPÚBLICA  DE  COSTA  RICA,AMÉRICA  CENTRAL  Y  CARIBE,CRI,Activo,"https://www.facebook.com/argentinaencostarica/  //  https://www.instagram.com/argencostarica/  //  "
ERUMA,RUMANIA,EUROPA  CENTRAL  Y  ORIENTAL,ROU,Activo,"https://www.facebook.com/ArgentinaEnRumania  //  "
ERUNI,REINO  UNIDO  DE  GRAN  BRETAÑA  E  IRLANDA  DEL  NORTE,EUROPA  OCCIDENTAL,GRB,Activo,"https://twitter.com/ARGinUK  //  https://www.facebook.com/ARGinUK/  //  https://www.flickr.com/photos/138300767@N07/albums  //  https://www.instagram.com/arginuk/  //  https://www.youtube.com/channel/UCzaGU10f-77SR56kini9-1g/videos?view_as=subscriber  //  "
ESAFR,REPÚBLICA  DE  SUDÁFRICA,ÁFRICA  SUBSAHARIANA,ZAF,Activo,"facebook.com/ArgenSudafrica  //  https://twitter.com/EmbArgentina  //  https://www.instagram.com/argentinaensudafrica  //  "
ESALV,REPÚBLICA  DE  EL  SALVADOR,AMÉRICA  CENTRAL  Y  CARIBE,SLV,Activo,"https://twitter.com/ARGenElSalvador  //  https://www.facebook.com/ArgentinaEnElSalvador/  //  https://www.instagram.com/embargenelsalvador/  //  "
ESENE,REPÚBLICA  DE  SENEGAL,ÁFRICA  SUBSAHARIANA,SEN,Activo,"@ARGenSenegal  //  "
ESERB,REPÚBLICA  DE  SERBIA,EUROPA  CENTRAL  Y  ORIENTAL,SRB,Activo,"ArgentinaEnSerbia  //  ARGinSerbia  //  "
ESING,REPÚBLICA  DE  SINGAPUR,ASIA,SGP,Activo,"https://twitter.com/ARGinSingapore  //  https://instagram.com/argentine_embassy_singapore?igshid=YmMyMTA2M2Y=  //  "
ESSED,SANTA  SEDE,EUROPA  OCCIDENTAL,VAT,Activo,"https://twitter.com/ArgSantaSede  //  https://www.youtube.com/c/EmbajadaArgentinaantelaSantaSede  //  https://www.facebook.com/ArgEnSantaSede  //  https://www.instagram.com/argensantasede/  //  "
ESUEC,REINO  DE  SUECIA,EUROPA  OCCIDENTAL,SWE,Activo,"https://www.linkedin.com/company/argentinainsweden/  //  https://www.facebook.com/arginsweden/  //  https://www.instagram.com/arginsweden/  //  "
ESUIZ,Confederación  Suiza,EUROPA  OCCIDENTAL,CHE,Activo,
ESURI,REPÚBLICA  DE  SURINAME,AMÉRICA  DEL  SUR,SUR,Activo,
ETAIL,REINO  DE  TAILANDIA,ASIA,THA,Activo,"https://www.facebook.com/Embajada.Argentina.Tailandia/  //  "
ETRIA,REPÚBLICA  DE  AUSTRIA,EUROPA  OCCIDENTAL,AUT,Activo,"https://www.facebook.com/ArgentinaEnAustria/  //  https://twitter.com/ARGenViena  //  https://www.instagram.com/argenviena/  //  "
ETRIN,REPÚBLICA  DE  TRINIDAD  Y  TOBAGO,AMÉRICA  CENTRAL  Y  CARIBE,TTO,Activo,"www.facebook.com/ArgentinaEnTrinidadYTobago  //  arg_trinidad_tobago  //  @arg_mrec_TT  //  "
ETUNE,REPÚBLICA  TUNECINA,ÁFRICA  DEL  NORTE  Y  CERCANO  ORIENTE,TUN,Activo,"https://www.facebook.com/ArgEnTunez/  //  https://www.twitter.com/EmbajadaTunez  //  https://www.instagram.com/embargentinatn  //  https://www.youtube.com/channel/UC8kSZug1SPHrp3r1hGzhjtg  //  "
ETURQ,República  de  Türkiye,EUROPA  OCCIDENTAL,TUR,Activo,"@Argentinaenturquia/  //  @embargenturquia  //  @ARGenTurquia  //  "
EUCRA,UCRANIA,EUROPA  CENTRAL  Y  ORIENTAL,UKR,Activo,"https://www.facebook.com/ArgentinaEnUcrania  //  https://www.instagram.com/argenucrania/  //  "
EUNES,REPÚBLICA  FRANCESA,EUROPA  OCCIDENTAL,FRA,Activo,"https://twitter.com/ArgentinaUNESCO  //  https://www.facebook.com/delegation.argentine/  //  "
EUNGR,HUNGRÍA,EUROPA  CENTRAL  Y  ORIENTAL,HUN,Activo,"https://www.facebook.com/ArgentinaEnHungria  //  https://twitter.com/EmbArgHungria  //  https://www.instagram.com/argentinaenhungria/  //  "
EURUG,REPÚBLICA  ORIENTAL  DEL  URUGUAY,AMÉRICA  DEL  SUR,URY,Activo,"https://twitter.com/ArgentinaEnUru  //  https://www.facebook.com/ArgentinaEnUru/  //  https://www.instagram.com/argentinaenuru/  //  "
EVENE,REPÚBLICA  BOLIVARIANA  DE  VENEZUELA,AMÉRICA  DEL  SUR,VEN,Activo,"https://twitter.com/argenvenezuela?lang=es  //  https://www.facebook.com/EmbajadaArgentinaEnVenezuela  //  https://www.instagram.com/argenvenezuela/  //  "
EVIET,REPÚBLICA  SOCIALISTA  DE  VIETNAM,ASIA,VNM,Activo,"https://www.facebook.com/ArgentinaEnVietnam/  //  https://www.instagram.com/argenvietnam/  //  "
OCCAT,REPÚBLICA  POPULAR  DE  CHINA,ASIA,CHN,Activo,
REPAL,ESTADO  DE  PALESTINA,ASIA,PSE,Activo,"https://www.facebook.com/ArgEnPalestina  //  "